{
    "width": 640,
    "height": 480,
    "ppx": 318.39971923828125,
    "ppy": 240.47659301757812,
    "fx": 385.16314697265625,
    "fy": 385.16314697265625,
    "model": "distortion.brown_conrady",
    "coeffs": [
        0.0,
        0.0,
        0.0,
        0.0,
        0.0
    ]
}